{
  "comparedPixelCount" : 2673972,
  "differingPixelCount" : 2453362,
  "differingPixelPercentage" : 91.74972662391379,
  "height" : 2556,
  "maskedPixelCount" : 339552,
  "maximumChannelDelta" : 227,
  "meanAbsoluteChannelDelta" : 28.99518868060947,
  "rootMeanSquareChannelDelta" : 66.94320040821465,
  "width" : 1179
}