{
  "comparedPixelCount" : 2673972,
  "differingPixelCount" : 2393264,
  "differingPixelPercentage" : 89.50220869926837,
  "height" : 2556,
  "maskedPixelCount" : 339552,
  "maximumChannelDelta" : 226,
  "meanAbsoluteChannelDelta" : 10.328722215490663,
  "rootMeanSquareChannelDelta" : 33.553431020200065,
  "width" : 1179
}