{
  "comparedPixelCount" : 2673972,
  "differingPixelCount" : 2667721,
  "differingPixelPercentage" : 99.76622791861695,
  "height" : 2556,
  "maskedPixelCount" : 339552,
  "maximumChannelDelta" : 255,
  "meanAbsoluteChannelDelta" : 9.763519837405427,
  "rootMeanSquareChannelDelta" : 21.24141136537695,
  "width" : 1179
}