{
  "comparedPixelCount" : 3013524,
  "differingPixelCount" : 592760,
  "differingPixelPercentage" : 19.669994332217033,
  "height" : 2556,
  "maskedPixelCount" : 0,
  "maximumChannelDelta" : 195,
  "meanAbsoluteChannelDelta" : 2.445792036167623,
  "rootMeanSquareChannelDelta" : 14.579520737040225,
  "width" : 1179
}