{
  "comparedPixelCount" : 2673972,
  "differingPixelCount" : 2554358,
  "differingPixelPercentage" : 95.52672952446773,
  "height" : 2556,
  "maskedPixelCount" : 339552,
  "maximumChannelDelta" : 227,
  "meanAbsoluteChannelDelta" : 9.781293770715125,
  "rootMeanSquareChannelDelta" : 32.71888475693554,
  "width" : 1179
}