{
  "comparedPixelCount" : 2673972,
  "differingPixelCount" : 2671840,
  "differingPixelPercentage" : 99.92026842465067,
  "height" : 2556,
  "maskedPixelCount" : 339552,
  "maximumChannelDelta" : 159,
  "meanAbsoluteChannelDelta" : 5.586668446790019,
  "rootMeanSquareChannelDelta" : 13.302079674277671,
  "width" : 1179
}