{
  "comparedPixelCount" : 3013524,
  "differingPixelCount" : 1102191,
  "differingPixelPercentage" : 36.574820708247216,
  "height" : 2556,
  "maskedPixelCount" : 0,
  "maximumChannelDelta" : 195,
  "meanAbsoluteChannelDelta" : 12.859013345615741,
  "rootMeanSquareChannelDelta" : 36.590477224137246,
  "width" : 1179
}